File Number,Liking
10101.jpg,4.3
10102.jpg,5.65
10103.jpg,5.43
10104.jpg,5.12
10105.jpg,7.0
10106.jpg,4.82
10107.jpg,4.38
10108.jpg,4.08
10109.jpg,4.53
10110.jpg,4.58
10111.jpg,5.2
10112.jpg,6.77
10113.jpg,5.35
10114.jpg,4.0
10115.jpg,6.77
10116.jpg,5.87
10117.jpg,6.55
10118.jpg,5.87
10119.jpg,6.1
10120.jpg,4.61
10121.jpg,5.95
10122.jpg,4.45
10123.jpg,4.53
10124.jpg,4.9
10125.jpg,6.02
10126.jpg,4.68
10127.jpg,4.68
10128.jpg,4.6
10129.jpg,6.48
10130.jpg,5.5
10131.jpg,4.9
10132.jpg,4.07
10133.jpg,4.0
10134.jpg,4.0
10135.jpg,4.38
10136.jpg,5.28
10137.jpg,4.6
10138.jpg,4.49
10139.jpg,4.23
10140.jpg,5.05
10141.jpg,4.9
10142.jpg,4.83
10143.jpg,5.73
10144.jpg,4.53
10145.jpg,5.28
10201.jpg,6.4
10202.jpg,5.5
10203.jpg,4.68
10204.jpg,5.28
10205.jpg,5.09
10206.jpg,5.2
10207.jpg,6.4
10208.jpg,5.65
10209.jpg,4.38
10210.jpg,6.1
10211.jpg,6.4
10212.jpg,4.15
10213.jpg,5.58
10214.jpg,6.17
10215.jpg,4.22
10216.jpg,6.85
10217.jpg,3.92
10218.jpg,4.9
10219.jpg,5.5
10220.jpg,4.75
10221.jpg,5.43
10222.jpg,3.93
10223.jpg,5.43
10224.jpg,4.6
10225.jpg,4.68
10226.jpg,6.48
10227.jpg,4.3
10228.jpg,5.65
10229.jpg,5.57
10230.jpg,4.97
10231.jpg,6.18
10232.jpg,4.9
10233.jpg,4.45
10234.jpg,5.2
10235.jpg,6.1
10236.jpg,4.9
10237.jpg,5.88
10238.jpg,5.28
10239.jpg,6.48
10240.jpg,5.12
10241.jpg,5.65
10242.jpg,5.95
10243.jpg,3.4
10244.jpg,5.8
10245.jpg,5.2
10246.jpg,5.58
10247.jpg,6.25
10248.jpg,6.55
10249.jpg,5.43
10250.jpg,6.4
10251.jpg,5.65
10301.jpg,6.55
10302.jpg,6.32
10303.jpg,5.5
10304.jpg,4.82
10305.jpg,6.1
10306.jpg,4.9
10307.jpg,6.48
10308.jpg,5.2
10309.jpg,5.2
10310.jpg,5.12
10311.jpg,7.45
10312.jpg,5.65
10313.jpg,5.12
10314.jpg,5.5
10315.jpg,6.1
10316.jpg,6.85
10317.jpg,4.75
10318.jpg,5.12
10319.jpg,3.32
10320.jpg,4.6
10321.jpg,6.33
10322.jpg,5.88
10323.jpg,5.88
10324.jpg,6.2
10325.jpg,7.3
10326.jpg,4.45
10327.jpg,5.12
10328.jpg,5.5
10401.jpg,5.43
10402.jpg,5.28
10403.jpg,7.52
10404.jpg,7.37
10405.jpg,6.85
10406.jpg,5.5
10407.jpg,6.17
10408.jpg,6.55
10409.jpg,7.15
10410.jpg,5.73
10411.jpg,6.1
10412.jpg,6.91
10501.jpg,6.32
10502.jpg,7.3
10503.jpg,6.48
10504.jpg,5.73
10505.jpg,5.96
10506.jpg,6.1
10507.jpg,4.75
10508.jpg,5.57
10509.jpg,6.7
10510.jpg,5.35
10511.jpg,6.17
10512.jpg,6.63
10513.jpg,6.33
10514.jpg,7.52
10515.jpg,5.73
10601.jpg,6.4
10602.jpg,5.28
10603.jpg,7.38
10604.jpg,5.88
10605.jpg,7.37
10606.jpg,6.17
10607.jpg,5.35
10608.jpg,6.18
10609.jpg,6.32
10610.jpg,5.87
10611.jpg,5.57
10612.jpg,4.75
10613.jpg,5.12
10614.jpg,7.45
10615.jpg,5.43
10616.jpg,5.65
10617.jpg,5.73
10618.jpg,3.85
10619.jpg,4.15
10620.jpg,6.85
10621.jpg,5.57
10622.jpg,5.57
10623.jpg,4.38
10624.jpg,4.68
10625.jpg,6.25
10626.jpg,6.85
10627.jpg,3.1
10628.jpg,4.08
10629.jpg,5.73
10630.jpg,5.2
10631.jpg,4.53
10632.jpg,5.2
10633.jpg,4.6
10634.jpg,6.63
10635.jpg,6.25
10636.jpg,6.33
10637.jpg,6.77
10638.jpg,7.3
10639.jpg,4.6
10640.jpg,3.85
10641.jpg,5.05
10642.jpg,4.9
10643.jpg,3.7
10644.jpg,6.1
10645.jpg,5.28
10646.jpg,4.67
10647.jpg,6.25
10648.jpg,4.38
10649.jpg,6.62
10650.jpg,5.65
10701.jpg,5.35
10702.jpg,3.7
10703.jpg,5.12
10704.jpg,3.85
10705.jpg,4.68
10706.jpg,4.23
10707.jpg,5.5
10708.jpg,4.68
10709.jpg,4.53
10710.jpg,3.78
10711.jpg,4.97
10712.jpg,5.05
10713.jpg,5.05
10714.jpg,3.62
10715.jpg,3.85
10716.jpg,5.65
10717.jpg,3.85
10718.jpg,6.55
10719.jpg,7.3
10720.jpg,4.53
10721.jpg,4.75
10722.jpg,5.57
10801.jpg,5.28
10802.jpg,4.31
10803.jpg,4.45
10804.jpg,5.8
10805.jpg,3.93
10806.jpg,5.95
10807.jpg,5.73
10808.jpg,6.18
10809.jpg,6.48
10810.jpg,5.35
10811.jpg,4.75
10812.jpg,6.7
10813.jpg,6.02
10814.jpg,5.28
10815.jpg,5.12
11001.jpg,5.35
11002.jpg,6.25
11003.jpg,5.65
11004.jpg,6.25
11005.jpg,5.58
11006.jpg,7.75
11007.jpg,6.63
11008.jpg,5.95
11009.jpg,6.1
11010.jpg,5.57
11011.jpg,3.48
11012.jpg,7.52
11013.jpg,4.66
11014.jpg,3.78
11015.jpg,4.45
11016.jpg,3.85
11017.jpg,4.53
11018.jpg,5.88
11019.jpg,5.43
11020.jpg,3.62
11021.jpg,5.35
11022.jpg,4.97
11023.jpg,4.75
11024.jpg,4.97
11025.jpg,6.18
11101.jpg,4.97
11102.jpg,5.12
11103.jpg,5.88
11104.jpg,6.92
11105.jpg,5.65
11106.jpg,5.73
11107.jpg,4.68
11108.jpg,5.73
11109.jpg,6.7
11110.jpg,4.45
11111.jpg,4.23
11112.jpg,5.28
11113.jpg,4.75
11114.jpg,5.8
11115.jpg,6.02
11116.jpg,5.43
11117.jpg,6.25
11118.jpg,5.57
11119.jpg,3.17
11120.jpg,6.4
11121.jpg,5.2
11122.jpg,7.37
11123.jpg,5.05
11124.jpg,4.83
11125.jpg,6.25
11126.jpg,4.68
11127.jpg,4.98
10723.jpg,3.55
10724.jpg,4.22
10725.jpg,4.0
10726.jpg,3.55
11026.jpg,5.95
11027.jpg,6.25
11028.jpg,4.22
11029.jpg,4.6
11030.jpg,3.32
11031.jpg,3.96
10727.jpg,3.1
10728.jpg,3.62
10729.jpg,4.6
10730.jpg,4.9
10731.jpg,4.38
20101.jpg,5.05
20102.jpg,4.38
20103.jpg,6.25
20104.jpg,4.38
20105.jpg,4.0
20106.jpg,4.75
20107.jpg,3.4
20108.jpg,4.9
20109.jpg,5.73
20110.jpg,5.65
20111.jpg,5.12
20112.jpg,4.3
20113.jpg,3.47
20114.jpg,5.12
20115.jpg,4.68
20116.jpg,4.22
20117.jpg,5.12
20118.jpg,5.2
20119.jpg,6.02
20120.jpg,6.1
20121.jpg,5.05
20122.jpg,4.68
20123.jpg,3.18
20124.jpg,3.85
20125.jpg,4.45
20126.jpg,4.6
20127.jpg,4.33
20128.jpg,6.1
20129.jpg,6.33
20130.jpg,4.22
20131.jpg,3.7
20132.jpg,5.35
20133.jpg,5.12
20201.jpg,4.38
20202.jpg,4.97
20203.jpg,5.57
20204.jpg,4.45
20205.jpg,5.05
20206.jpg,4.08
20207.jpg,4.82
20208.jpg,5.12
20209.jpg,3.85
20210.jpg,4.03
20211.jpg,7.23
20212.jpg,5.35
20213.jpg,5.43
20214.jpg,5.88
20215.jpg,5.28
20216.jpg,4.6
20217.jpg,3.93
20218.jpg,4.23
20219.jpg,5.73
20220.jpg,5.35
20221.jpg,5.12
20222.jpg,4.3
20223.jpg,3.85
20224.jpg,4.0
20225.jpg,5.8
20226.jpg,5.12
20227.jpg,5.12
20228.jpg,5.8
20229.jpg,5.5
20230.jpg,4.68
20231.jpg,4.23
20232.jpg,5.57
20233.jpg,3.55
20301.jpg,5.73
20302.jpg,5.35
20303.jpg,6.1
20304.jpg,4.53
20305.jpg,6.25
20306.jpg,5.2
20307.jpg,5.88
20308.jpg,5.73
20309.jpg,7.22
20310.jpg,4.97
20311.jpg,4.68
20312.jpg,5.28
20313.jpg,5.21
20401.jpg,5.05
20314.jpg,4.97
20402.jpg,7.3
20403.jpg,5.95
20404.jpg,4.0
20405.jpg,6.77
20501.jpg,3.93
20502.jpg,5.88
20503.jpg,5.57
20504.jpg,4.75
20505.jpg,6.1
20506.jpg,4.0
20507.jpg,5.65
20508.jpg,5.65
20509.jpg,6.1
20601.jpg,5.57
20602.jpg,4.3
20603.jpg,5.12
20604.jpg,6.7
20605.jpg,6.48
20606.jpg,5.88
20607.jpg,4.9
20608.jpg,5.05
20609.jpg,5.87
20610.jpg,5.87
20611.jpg,5.28
20612.jpg,4.21
20613.jpg,5.05
20614.jpg,4.68
20615.jpg,6.02
20616.jpg,3.4
20617.jpg,5.05
20618.jpg,7.6
20619.jpg,5.95
20620.jpg,4.45
20621.jpg,6.78
20622.jpg,4.45
20623.jpg,5.5
20624.jpg,3.78
20625.jpg,6.18
20701.jpg,5.95
20702.jpg,5.2
20703.jpg,6.33
20704.jpg,3.7
20705.jpg,5.73
20706.jpg,5.2
20707.jpg,4.9
20708.jpg,4.68
20709.jpg,5.73
20710.jpg,3.59
20711.jpg,4.22
20712.jpg,5.88
20713.jpg,4.68
20714.jpg,5.88
20715.jpg,5.57
20716.jpg,4.45
20801.jpg,5.65
20802.jpg,5.95
20803.jpg,5.12
20804.jpg,5.57
20805.jpg,4.3
20806.jpg,4.84
20807.jpg,5.5
20808.jpg,5.28
20809.jpg,4.3
20810.jpg,2.95
21001.jpg,5.05
21002.jpg,4.6
21003.jpg,6.33
21004.jpg,6.1
21005.jpg,6.4
21006.jpg,5.65
21007.jpg,6.55
21008.jpg,4.97
21009.jpg,5.28
21010.jpg,5.43
21011.jpg,4.89
21012.jpg,6.17
21013.jpg,5.88
21014.jpg,3.32
21101.jpg,6.62
21102.jpg,5.73
21103.jpg,5.87
21104.jpg,7.3
21105.jpg,8.2
21106.jpg,6.33
21107.jpg,5.5
21015.jpg,5.43
21016.jpg,4.82
21017.jpg,5.65
21018.jpg,5.95
21019.jpg,5.43
21020.jpg,4.97
21021.jpg,5.44
21022.jpg,6.62
21023.jpg,4.97
21024.jpg,4.9
21025.jpg,5.2
21026.jpg,4.97
21027.jpg,6.4
21028.jpg,5.88
21029.jpg,5.81
20717.jpg,5.12
20718.jpg,5.95
20719.jpg,3.55
20720.jpg,6.18
21030.jpg,4.68
21031.jpg,4.23
20721.jpg,4.6
20722.jpg,5.5
20626.jpg,2.95
30201.jpg,7.68
30202.jpg,7.0
30203.jpg,7.9
30204.jpg,7.3
30205.jpg,6.92
30206.jpg,7.0
30207.jpg,7.82
30208.jpg,5.88
30209.jpg,7.19
30210.jpg,6.02
30211.jpg,6.62
30212.jpg,6.7
30213.jpg,6.85
30214.jpg,6.78
30215.jpg,6.4
30216.jpg,6.77
30217.jpg,6.6
30218.jpg,7.45
30219.jpg,6.25
30220.jpg,6.02
30221.jpg,7.53
30222.jpg,6.78
30223.jpg,6.78
30224.jpg,6.48
30225.jpg,7.0
30226.jpg,7.15
30227.jpg,7.45
30301.jpg,6.55
30302.jpg,7.38
30303.jpg,7.45
30304.jpg,6.85
30305.jpg,8.2
30306.jpg,8.35
30307.jpg,8.2
30308.jpg,7.68
30309.jpg,6.7
30310.jpg,7.9
30311.jpg,7.79
30401.jpg,6.92
30402.jpg,6.92
30403.jpg,7.6
30404.jpg,6.55
30405.jpg,6.4
30406.jpg,6.48
30407.jpg,6.85
30408.jpg,7.45
30409.jpg,7.23
30410.jpg,6.4
30411.jpg,6.48
30412.jpg,7.75
30413.jpg,8.43
30414.jpg,7.09
30415.jpg,7.08
30416.jpg,8.2
30417.jpg,7.68
30418.jpg,6.4
30501.jpg,6.7
30502.jpg,5.73
30503.jpg,6.18
30504.jpg,7.45
30505.jpg,6.55
30506.jpg,5.57
30507.jpg,6.63
30508.jpg,6.4
30509.jpg,6.4
30510.jpg,6.55
30511.jpg,7.6
30512.jpg,6.1
30513.jpg,6.63
30601.jpg,6.92
30602.jpg,7.23
30603.jpg,6.92
30604.jpg,6.7
30605.jpg,7.45
30606.jpg,6.33
30607.jpg,6.1
30608.jpg,6.02
30609.jpg,6.85
30610.jpg,6.77
30611.jpg,5.87
30612.jpg,5.8
30613.jpg,4.6
30614.jpg,5.05
30615.jpg,8.12
30616.jpg,6.92
30617.jpg,6.6
30618.jpg,6.1
30619.jpg,5.12
30620.jpg,6.7
30621.jpg,4.6
30622.jpg,6.02
30623.jpg,6.7
30624.jpg,5.35
30625.jpg,5.73
30626.jpg,5.05
30627.jpg,4.53
30628.jpg,3.93
30629.jpg,4.3
30630.jpg,7.6
30631.jpg,7.68
30632.jpg,8.05
30633.jpg,6.85
30634.jpg,5.35
30635.jpg,5.43
30636.jpg,4.6
30637.jpg,5.28
30638.jpg,6.02
30639.jpg,6.18
30701.jpg,4.53
30702.jpg,5.65
30703.jpg,3.55
30704.jpg,5.95
30705.jpg,4.9
30706.jpg,3.62
30707.jpg,4.23
30708.jpg,3.18
30709.jpg,5.2
30710.jpg,4.38
30711.jpg,5.43
30712.jpg,4.83
30713.jpg,3.93
30714.jpg,4.9
30715.jpg,5.2
30716.jpg,6.25
30717.jpg,4.97
30718.jpg,3.62
30719.jpg,3.1
30720.jpg,6.18
30721.jpg,5.5
30722.jpg,6.55
30723.jpg,4.22
30724.jpg,3.85
30725.jpg,4.5
30726.jpg,4.22
30727.jpg,4.45
30728.jpg,4.23
30801.jpg,4.0
30802.jpg,4.15
30803.jpg,4.96
30804.jpg,5.43
30805.jpg,5.57
30806.jpg,5.12
30807.jpg,5.65
30808.jpg,4.45
31001.jpg,5.95
31002.jpg,5.12
31003.jpg,7.0
31004.jpg,7.6
31005.jpg,7.75
31006.jpg,6.4
31007.jpg,4.68
31008.jpg,6.85
31009.jpg,4.82
31010.jpg,4.9
31011.jpg,5.65
31012.jpg,6.92
31101.jpg,6.7
31102.jpg,8.12
31103.jpg,8.2
31104.jpg,5.43
31105.jpg,4.22
31106.jpg,5.65
31107.jpg,4.67
31108.jpg,4.68
31109.jpg,5.39
31110.jpg,7.9
31013.jpg,5.51
31014.jpg,5.65
31015.jpg,6.18
31016.jpg,6.48
31017.jpg,6.93
31018.jpg,5.8
31019.jpg,8.5
31020.jpg,8.2
40201.jpg,5.95
40202.jpg,5.65
40203.jpg,6.33
40204.jpg,5.12
40205.jpg,4.6
40206.jpg,4.15
40207.jpg,5.05
40208.jpg,4.23
40209.jpg,3.78
40210.jpg,5.87
40211.jpg,5.58
40212.jpg,5.35
40213.jpg,5.95
40214.jpg,5.35
40215.jpg,4.68
40216.jpg,5.5
40217.jpg,5.94
40218.jpg,4.45
40219.jpg,6.4
40220.jpg,5.5
40221.jpg,5.5
40222.jpg,5.2
40223.jpg,6.02
40224.jpg,6.7
40225.jpg,3.93
40226.jpg,5.95
40227.jpg,4.3
40228.jpg,5.12
40229.jpg,2.95
40230.jpg,5.73
40231.jpg,6.55
40232.jpg,4.68
40233.jpg,4.68
40234.jpg,6.78
40301.jpg,4.07
40302.jpg,5.8
40303.jpg,4.23
40304.jpg,5.57
40305.jpg,6.02
40306.jpg,4.75
40307.jpg,5.99
40308.jpg,3.78
40309.jpg,4.53
40310.jpg,3.18
40311.jpg,6.92
40312.jpg,5.12
40313.jpg,5.35
40401.jpg,5.12
40402.jpg,6.02
40403.jpg,8.35
40404.jpg,6.78
40405.jpg,6.1
40406.jpg,5.8
40407.jpg,7.08
40501.jpg,4.15
40502.jpg,4.97
40503.jpg,6.18
40504.jpg,4.22
40505.jpg,5.2
40506.jpg,6.03
40507.jpg,5.15
40508.jpg,4.22
40509.jpg,4.3
40601.jpg,4.71
40602.jpg,4.83
40603.jpg,5.43
40604.jpg,5.5
40605.jpg,5.73
40606.jpg,4.75
40607.jpg,5.12
40608.jpg,4.6
40609.jpg,4.07
40610.jpg,3.93
40611.jpg,4.68
40612.jpg,5.12
40613.jpg,5.28
40614.jpg,5.28
40615.jpg,4.97
40616.jpg,6.63
40617.jpg,4.38
40618.jpg,3.62
40619.jpg,4.45
40620.jpg,6.1
40701.jpg,3.63
40702.jpg,3.85
40703.jpg,4.3
40704.jpg,3.33
40705.jpg,4.05
40706.jpg,2.88
40707.jpg,4.38
40708.jpg,4.45
40709.jpg,3.55
40710.jpg,4.9
40711.jpg,4.07
40712.jpg,5.05
40713.jpg,5.12
40714.jpg,5.73
40715.jpg,3.25
40716.jpg,4.45
40801.jpg,4.6
40802.jpg,3.63
40803.jpg,5.28
40804.jpg,4.75
40805.jpg,4.38
40806.jpg,3.93
40807.jpg,5.42
40808.jpg,3.48
40809.jpg,4.6
40810.jpg,3.53
40811.jpg,4.3
40812.jpg,4.23
40813.jpg,5.65
40814.jpg,6.4
40815.jpg,5.73
41001.jpg,4.45
41002.jpg,4.75
41003.jpg,5.8
41004.jpg,4.75
41005.jpg,4.68
41006.jpg,4.91
41007.jpg,5.2
41008.jpg,4.22
41009.jpg,5.65
41101.jpg,4.9
41102.jpg,6.1
41103.jpg,5.12
41104.jpg,5.38
41105.jpg,6.1
41106.jpg,7.15
41107.jpg,6.93
41108.jpg,6.85
41109.jpg,4.15
41110.jpg,5.65
41010.jpg,6.33
41011.jpg,5.75
41012.jpg,4.0
41013.jpg,4.38
41014.jpg,4.38
41015.jpg,4.3
41016.jpg,6.1
41017.jpg,5.35
41018.jpg,5.95
41019.jpg,6.92
41020.jpg,6.55
41021.jpg,6.85
41022.jpg,5.28
41023.jpg,5.49
41024.jpg,5.65
41025.jpg,6.02
41026.jpg,5.65
50701.jpg,4.3
50702.jpg,5.65
50703.jpg,5.12
50704.jpg,5.88
50705.jpg,5.17
50706.jpg,5.12
50707.jpg,4.97
50708.jpg,4.15
50801.jpg,4.45
50802.jpg,4.6
50803.jpg,5.43
50804.jpg,4.85
50805.jpg,4.08
50806.jpg,4.82
50807.jpg,4.83
50808.jpg,4.82
50809.jpg,4.38
50810.jpg,4.75
50811.jpg,5.28
50812.jpg,4.3
50813.jpg,5.73
50814.jpg,5.2
50815.jpg,5.28
50816.jpg,4.9
50817.jpg,4.68
50818.jpg,4.83
50819.jpg,5.65
50820.jpg,4.6
50821.jpg,4.45
50822.jpg,4.08
50823.jpg,4.45
50824.jpg,5.2
50825.jpg,4.45
50826.jpg,5.2
50827.jpg,4.75
50828.jpg,4.83
51001.jpg,5.2
51002.jpg,5.65
51003.jpg,6.55
51004.jpg,6.1
51005.jpg,6.02
51006.jpg,4.53
51007.jpg,4.75
51008.jpg,4.68
51009.jpg,4.75
51101.jpg,5.5
51102.jpg,3.18
51103.jpg,5.05
51104.jpg,4.67
51105.jpg,4.0
51106.jpg,5.43
51107.jpg,4.59
51108.jpg,4.75
51109.jpg,5.35
50829.jpg,3.85
50830.jpg,4.15
50831.jpg,4.22
50832.jpg,3.93
50833.jpg,3.93
50901.jpg,4.38
50902.jpg,5.12
50903.jpg,3.33
50904.jpg,5.43
50905.jpg,4.75
50906.jpg,5.3
50907.jpg,4.38
50908.jpg,6.33
50909.jpg,6.1
50910.jpg,4.45
50911.jpg,2.73
50912.jpg,4.6
50913.jpg,4.45
50914.jpg,4.45
50915.jpg,4.0
50916.jpg,4.3
50917.jpg,3.47
50918.jpg,4.22
50919.jpg,4.75
50920.jpg,4.63
50921.jpg,3.7
50922.jpg,5.35
50923.jpg,4.98
50924.jpg,4.07
50925.jpg,5.73
50926.jpg,4.38
50927.jpg,4.22
50928.jpg,3.32
50929.jpg,4.82
50930.jpg,3.85
50931.jpg,3.7
50932.jpg,3.7
50933.jpg,4.6
50934.jpg,2.8
50935.jpg,4.68
50936.jpg,5.65
51110.jpg,3.62
51111.jpg,3.55
51112.jpg,5.05
51113.jpg,4.23
51114.jpg,5.35
51115.jpg,5.12
51301.jpg,6.1
51302.jpg,4.23
51303.jpg,5.2
51304.jpg,4.45
51305.jpg,5.8
51306.jpg,3.7
51307.jpg,4.3
51308.jpg,5.58
51309.jpg,5.35
51310.jpg,5.2
51311.jpg,6.18
51312.jpg,5.35
51313.jpg,4.52
51314.jpg,5.43
51315.jpg,3.63
51316.jpg,3.62
51317.jpg,4.97
51318.jpg,4.38
51319.jpg,4.0
51201.jpg,4.94
51202.jpg,5.28
51203.jpg,5.05
51204.jpg,6.1
51205.jpg,4.45
51206.jpg,4.08
51207.jpg,5.2
51208.jpg,4.97
51209.jpg,5.8
51210.jpg,5.88
51211.jpg,5.12
51212.jpg,5.5
51213.jpg,4.6
51214.jpg,3.1
51215.jpg,4.15
51216.jpg,5.5
51217.jpg,6.03
51218.jpg,5.5
51219.jpg,3.85
51220.jpg,4.53
51221.jpg,5.5
51222.jpg,5.5
51223.jpg,3.1
51224.jpg,4.83
51320.jpg,3.93
51321.jpg,4.15
51322.jpg,3.32
51323.jpg,5.58
51324.jpg,4.8
51325.jpg,3.93
51326.jpg,5.05
51327.jpg,3.85
51328.jpg,3.4
51329.jpg,4.08
51330.jpg,5.43
50937.jpg,4.83
50938.jpg,3.7
50939.jpg,4.75
50940.jpg,2.65
50941.jpg,5.13
50942.jpg,4.07
50943.jpg,4.15
50944.jpg,5.04
51010.jpg,6.4
51011.jpg,5.28
51012.jpg,6.93
51331.jpg,4.6
51332.jpg,4.38
51013.jpg,6.02
51014.jpg,4.82
51333.jpg,5.2
51334.jpg,4.75
51335.jpg,5.35
51336.jpg,4.83
51015.jpg,6.4
51337.jpg,5.65
51338.jpg,5.73
51339.jpg,6.03
51225.jpg,4.78
51016.jpg,3.93
